Vendor,5_Year_TCO_INR,Lead_Time_Weeks,Tech_Score,Safety_Score,Norm_Cost,Norm_Delivery,Final_AHP_Score
Toyota,2364600.0,13.0,94.0,100,93.25044404973357,53.84615384615385,86.26940838912421
Godrej,2205000.0,7.0,82.0,0,100.0,100.0,84.6
Jungheinrich,2539000.0,15.0,96.0,100,86.84521465143757,46.666666666666664,82.87141919390837
Linde,2631500.0,11.0,88.0,100,83.79251377541325,63.63636363636363,82.64427823743803
